<?xml version="1.0" encoding="UTF-8"?>
<!DOCTYPE mapper PUBLIC "-//mybatis.org//DTD Mapper 3.0//EN"
        "http://mybatis.org/dtd/mybatis-3-mapper.dtd">
<mapper namespace="com.acorn.SellerMapper">

	<!-- 메뉴 분류 조회(중복제거) -->
	<select id="selectMenuClassification" resultType="MenuDTO" parameterType="int">
		SELECT DISTINCT menuClassification FROM menu_tbl where storeCode = #{storeCode}
	</select>

	<!-- 메뉴 전체 조회 -->
	<select id="selectAllMenuInfo" resultType="MenuDTO" parameterType="int">
		SELECT * FROM menu_tbl where storeCode = #{storeCode}
	</select>

	<!-- 메뉴 분류 수정 -->
	<update id="updateMenuClassification" parameterType="MenuDTO">
		UPDATE menu_tbl
		SET menuClassification = #{menuClassification}
		WHERE menuCode = #{menuCode}
	</update>
	
	<!-- 메뉴 등록 -->
	<insert id="insertMenu" parameterType="MenuDTO">
		INSERT INTO menu_tbl
		(storeCode, menuName, menuPrice, menuImage, menuContent, menuClassification, menuStatus)
		VALUES
		(#{storeCode}, #{menuName},#{menuPrice},#{menuImage},#{menuContent},#{menuClassification}, #{menuStatus});
	</insert>
	
	<!-- 메뉴 수정 -->
	<update id="updateMenu" parameterType="MenuDTO">
		UPDATE menu_tbl
		SET menuName = #{menuName},
		menuPrice = #{menuPrice},
		menuImage = #{menuImage},
		menuContent = #{menuContent},
		menuStatus = #{menuStatus}
		WHERE menuCode = #{menuCode}
	</update>
	
	<!-- 메뉴 삭제(상태만 변경) -->
	<update id="deleteMenu" parameterType="int">
		UPDATE menu_tbl 
		SET menuStatus = 2
		WHERE menuCode=#{menuCode}
	</update>
	
	<!-- 매장정보 조회 -->
	<select id="selectStoreInfo" resultType="StoreDTO" parameterType="int">
		SELECT * FROM store_tbl WHERE storeCode=#{storeCode}
	</select>
	
	<!-- 사장님정보 조회 -->
	<select id="selectSellerInfo" resultType="SellerDTO" parameterType="int">
		SELECT * FROM seller_tbl WHERE sellerCode=#{sellerCode}
	</select>
	
	<!-- 매장정보 일부수정 -->
	<update id="updateStoreSubInfo" parameterType="StoreDTO">
		UPDATE store_tbl
		SET storeDescription = #{storeDescription},
		operatingTime = #{operatingTime}
		WHERE storeCode = #{storeCode}
	</update>
	
	<!-- 사장님정보 일부수정 -->
	<update id="updateSellerSubInfo" parameterType="SellerDTO">
		UPDATE seller_tbl
		SET storeDescription = #{storeDescription},
		operatingTime = #{operatingTime}
		WHERE storeCode = #{storeCode}
	</update>
	
	<!-- 리뷰 전체 조회 -->
	<select id="selectAllReview" resultType="ReviewDTO">
		SELECT * FROM review_tbl
	</select>
	
	<!-- 답글 조회 -->
	<select id="selectAllAnswer" resultType="AnswerDTO" parameterType="int">
		SELECT * FROM answer_tbl where storeCode = #{storeCode}
	</select>
	
	<!-- 답글 등록 -->
	<insert id="insertAnswer" parameterType="AnswerDTO">
		INSERT INTO answer_tbl (answerContent, reviewCode)
		VALUES (#{answerContent}, #{reviewCode})
	</insert>
	
	<!-- 답글 수정 -->
	<update id="updateAnswer" parameterType="AnswerDTO">
		UPDATE answer_tbl
		SET answerContent = #{answerContent}
		FROM answerCode = #{answerCode}
	</update>
	
	<!-- 답글 삭제(상태만 변경) -->
	<update id="deleteAnswer" parameterType="int">
		UPDATE review_tbl
		SET reviewStatus = #{reviewStatus}
		FROM reviewCode = #{reviewCode}
	</update>

</mapper>